<?xml version="1.0"?>
<doc>
    <assembly>
        <name>Hahn.ApplicatonProcess.December2020.Data</name>
    </assembly>
    <members>
        <member name="T:Hahn.ApplicatonProcess.December2020.Data.Contract.IApplicantRepository">
            <summary>
            IApplicantRepository
            </summary>
        </member>
        <member name="M:Hahn.ApplicatonProcess.December2020.Data.Contract.IApplicantRepository.AddApplicant(Hahn.ApplicatonProcess.December2020.Type.Applicant)">
            <summary>
            Adds the applicant.
            </summary>
            <param name="applicant">The applicant.</param>
            <returns></returns>
        </member>
        <member name="M:Hahn.ApplicatonProcess.December2020.Data.Contract.IApplicantRepository.GetAllApplicant">
            <summary>
            Gets all applicant.
            </summary>
            <returns></returns>
        </member>
        <member name="M:Hahn.ApplicatonProcess.December2020.Data.Contract.IApplicantRepository.GetApplicantById(System.Int32)">
            <summary>
            Gets the applicant by identifier.
            </summary>
            <param name="id">The identifier.</param>
            <returns></returns>
        </member>
        <member name="M:Hahn.ApplicatonProcess.December2020.Data.Contract.IApplicantRepository.UpdataeApplicant(Hahn.ApplicatonProcess.December2020.Type.Applicant)">
            <summary>
            Updataes the applicant.
            </summary>
            <param name="applicant">The applicant.</param>
            <returns></returns>
        </member>
        <member name="M:Hahn.ApplicatonProcess.December2020.Data.Contract.IApplicantRepository.DeleteApplicant(System.Int32)">
            <summary>
            Deletes the applicant.
            </summary>
            <param name="id">The identifier.</param>
            <returns></returns>
        </member>
        <member name="T:Hahn.ApplicatonProcess.December2020.Data.DataContext">
            <summary>
            DbContext
            </summary>
            <seealso cref="T:Microsoft.EntityFrameworkCore.DbContext" />
        </member>
        <member name="M:Hahn.ApplicatonProcess.December2020.Data.DataContext.#ctor(Microsoft.EntityFrameworkCore.DbContextOptions{Hahn.ApplicatonProcess.December2020.Data.DataContext})">
            <summary>
            Initializes a new instance of the <see cref="T:Hahn.ApplicatonProcess.December2020.Data.DataContext"/> class.
            </summary>
            <param name="options">The options.</param>
        </member>
        <member name="P:Hahn.ApplicatonProcess.December2020.Data.DataContext.Applicant">
            <summary>
            Gets or sets the applicant.
            </summary>
            <value>
            The applicant.
            </value>
        </member>
        <member name="T:Hahn.ApplicatonProcess.December2020.Data.Implementation.ApplicantRepository">
            <summary>
            ApplicantRepository
            </summary>
            <seealso cref="T:Hahn.ApplicatonProcess.December2020.Data.Contract.IApplicantRepository" />
        </member>
        <member name="M:Hahn.ApplicatonProcess.December2020.Data.Implementation.ApplicantRepository.#ctor(Hahn.ApplicatonProcess.December2020.Data.DataContext)">
            <summary>
            Initializes a new instance of the <see cref="T:Hahn.ApplicatonProcess.December2020.Data.Implementation.ApplicantRepository"/> class.
            </summary>
            <param name="context">The context.</param>
        </member>
        <member name="M:Hahn.ApplicatonProcess.December2020.Data.Implementation.ApplicantRepository.AddApplicant(Hahn.ApplicatonProcess.December2020.Type.Applicant)">
            <summary>
            Adds the applicant.
            </summary>
            <param name="applicant">The applicant.</param>
            <returns></returns>
            <exception cref="T:System.ApplicationException">ApplicantRepository.AddApplicant: Applicant object can not be null</exception>
        </member>
        <member name="M:Hahn.ApplicatonProcess.December2020.Data.Implementation.ApplicantRepository.DeleteApplicant(System.Int32)">
            <summary>
            Deletes the applicant.
            </summary>
            <param name="id">The identifier.</param>
            <returns></returns>
            <exception cref="T:System.NotImplementedException"></exception>
        </member>
        <member name="M:Hahn.ApplicatonProcess.December2020.Data.Implementation.ApplicantRepository.GetAllApplicant">
            <summary>
            Gets all applicant.
            </summary>
            <returns></returns>
        </member>
        <member name="M:Hahn.ApplicatonProcess.December2020.Data.Implementation.ApplicantRepository.GetApplicantById(System.Int32)">
            <summary>
            Gets the applicant by identifier.
            </summary>
            <param name="id">The identifier.</param>
            <returns></returns>
        </member>
        <member name="M:Hahn.ApplicatonProcess.December2020.Data.Implementation.ApplicantRepository.UpdataeApplicant(Hahn.ApplicatonProcess.December2020.Type.Applicant)">
            <summary>
            Updataes the applicant.
            </summary>
            <param name="applicant">The applicant.</param>
            <returns></returns>
            <exception cref="T:System.NotImplementedException"></exception>
        </member>
    </members>
</doc>
