<?xml version="1.0"?>
<doc>
    <assembly>
        <name>Hahn.ApplicatonProcess.December2020.Domain</name>
    </assembly>
    <members>
        <member name="T:Hahn.ApplicatonProcess.December2020.Domain.Contract.IApplicantService">
            <summary>
            IApplicantService
            </summary>
        </member>
        <member name="M:Hahn.ApplicatonProcess.December2020.Domain.Contract.IApplicantService.AddApplicant(Hahn.ApplicatonProcess.December2020.Type.Applicant)">
            <summary>
            Adds the applicant.
            </summary>
            <param name="applicant">The applicant.</param>
            <returns></returns>
        </member>
        <member name="M:Hahn.ApplicatonProcess.December2020.Domain.Contract.IApplicantService.GetAllApplicant">
            <summary>
            Gets all applicant.
            </summary>
            <returns></returns>
        </member>
        <member name="M:Hahn.ApplicatonProcess.December2020.Domain.Contract.IApplicantService.GetApplicantById(System.Int32)">
            <summary>
            Gets the applicant by identifier.
            </summary>
            <param name="id">The identifier.</param>
            <returns></returns>
        </member>
        <member name="M:Hahn.ApplicatonProcess.December2020.Domain.Contract.IApplicantService.UpdataeApplicant(Hahn.ApplicatonProcess.December2020.Type.Applicant)">
            <summary>
            Updataes the applicant.
            </summary>
            <param name="applicant">The applicant.</param>
            <returns></returns>
        </member>
        <member name="M:Hahn.ApplicatonProcess.December2020.Domain.Contract.IApplicantService.DeleteApplicant(System.Int32)">
            <summary>
            Deletes the applicant.
            </summary>
            <param name="id">The identifier.</param>
            <returns></returns>
        </member>
        <member name="T:Hahn.ApplicatonProcess.December2020.Domain.Implementation.ApplicantService">
            <summary>
            ApplicantService
            </summary>
            <seealso cref="T:Hahn.ApplicatonProcess.December2020.Domain.Contract.IApplicantService" />
        </member>
        <member name="M:Hahn.ApplicatonProcess.December2020.Domain.Implementation.ApplicantService.#ctor(Hahn.ApplicatonProcess.December2020.Data.Contract.IApplicantRepository)">
            <summary>
            Initializes a new instance of the <see cref="T:Hahn.ApplicatonProcess.December2020.Domain.Implementation.ApplicantService"/> class.
            </summary>
            <param name="applicantRepository">The applicant repository.</param>
        </member>
        <member name="M:Hahn.ApplicatonProcess.December2020.Domain.Implementation.ApplicantService.AddApplicant(Hahn.ApplicatonProcess.December2020.Type.Applicant)">
            <summary>
            Add applicant service. To add applicant into in memomry database.
            </summary>
            <param name="applicant">Applicant object</param>
            <returns></returns>
        </member>
        <member name="M:Hahn.ApplicatonProcess.December2020.Domain.Implementation.ApplicantService.DeleteApplicant(System.Int32)">
            <summary>
            Deletes the applicant.
            </summary>
            <param name="id">The identifier.</param>
            <returns></returns>
        </member>
        <member name="M:Hahn.ApplicatonProcess.December2020.Domain.Implementation.ApplicantService.GetAllApplicant">
            <summary>
            Ge all applicant from the system.
            </summary>
            <returns></returns>
        </member>
        <member name="M:Hahn.ApplicatonProcess.December2020.Domain.Implementation.ApplicantService.GetApplicantById(System.Int32)">
            <summary>
            Gets the applicant by identifier.
            </summary>
            <param name="id">The identifier.</param>
            <returns></returns>
        </member>
        <member name="M:Hahn.ApplicatonProcess.December2020.Domain.Implementation.ApplicantService.UpdataeApplicant(Hahn.ApplicatonProcess.December2020.Type.Applicant)">
            <summary>
            Updataes the applicant.
            </summary>
            <param name="applicant">The applicant.</param>
            <returns></returns>
        </member>
        <member name="T:Hahn.ApplicatonProcess.December2020.Domain.Validation.ApplicantValidation">
            <summary>
            ApplicantValidation
            </summary>
            <seealso ref="FluentValidation.AbstractValidator{Hahn.ApplicatonProcess.December2020.Type.Applicant}" />
        </member>
        <member name="M:Hahn.ApplicatonProcess.December2020.Domain.Validation.ApplicantValidation.#ctor">
            <summary>
            Initializes a new instance of the <see cref="T:Hahn.ApplicatonProcess.December2020.Domain.Validation.ApplicantValidation"/> class.
            </summary>
        </member>
        <member name="T:Hahn.ApplicatonProcess.December2020.Domain.ValidationRules.CountryNameValidator">
            <summary>
            CountryNameValidator
            </summary>
        </member>
        <member name="M:Hahn.ApplicatonProcess.December2020.Domain.ValidationRules.CountryNameValidator.CheckCountrNameExists(System.String)">
            <summary>
            Checks the countr name exists.
            </summary>
            <param name="name">The name.</param>
            <returns></returns>
        </member>
    </members>
</doc>
