<?xml version="1.0"?>
<doc>
    <assembly>
        <name>Hahn.ApplicationProcess.December2020.Web</name>
    </assembly>
    <members>
        <member name="T:Hahn.ApplicationProcess.December2020.Web.Controllers.ApplicantController">
            <summary>
            Applicant CRUD operation controller.
            </summary>
        </member>
        <member name="M:Hahn.ApplicationProcess.December2020.Web.Controllers.ApplicantController.#ctor(Hahn.ApplicatonProcess.December2020.Domain.Contract.IApplicantService,Microsoft.Extensions.Logging.ILogger{Hahn.ApplicationProcess.December2020.Web.Controllers.ApplicantController})">
            <summary>
            Initializes a new instance of the <see cref="T:Hahn.ApplicationProcess.December2020.Web.Controllers.ApplicantController" /> class.
            </summary>
            <param name="applicantService">The applicant service.</param>
            <param name="logger">The logger.</param>
        </member>
        <member name="M:Hahn.ApplicationProcess.December2020.Web.Controllers.ApplicantController.AddApplicant(Hahn.ApplicatonProcess.December2020.Type.Applicant)">
            <summary>
            [Add new applicant] This Api is used to add new applicant into the system.
            </summary>
            <param name="applicant">This parameter should not  be null. Required.</param>
            <returns></returns>
            <example>This is examplel</example>
        </member>
        <member name="M:Hahn.ApplicationProcess.December2020.Web.Controllers.ApplicantController.GetAllApplicant">
            <summary>
            [Get all applicant] This Api will return all the applicant in the system.
            </summary>
            <returns></returns>
        </member>
        <member name="M:Hahn.ApplicationProcess.December2020.Web.Controllers.ApplicantController.GetApplicantById(System.Int32)">
            <summary>
            Gets the applicant by identifier.
            </summary>
            <param name="id">The identifier.</param>
            <returns></returns>
        </member>
        <member name="M:Hahn.ApplicationProcess.December2020.Web.Controllers.ApplicantController.UpdataeApplicant(Hahn.ApplicatonProcess.December2020.Type.Applicant)">
            <summary>
            Updataes the applicant by identifier.
            </summary>
            <param name="applicant">The applicant.</param>
            <returns></returns>
        </member>
        <member name="M:Hahn.ApplicationProcess.December2020.Web.Controllers.ApplicantController.Delete(System.Int32)">
            <summary>
            Deletes the specified identifier.
            </summary>
            <param name="id">The identifier.</param>
            <returns></returns>
        </member>
        <member name="T:Hahn.ApplicationProcess.December2020.Web.Program">
            <summary>
            Program
            </summary>
        </member>
        <member name="M:Hahn.ApplicationProcess.December2020.Web.Program.Main(System.String[])">
            <summary>
            Defines the entry point of the application.
            </summary>
            <param name="args">The arguments.</param>
        </member>
        <member name="M:Hahn.ApplicationProcess.December2020.Web.Program.CreateHostBuilder(System.String[])">
            <summary>
            Creates the host builder.
            </summary>
            <param name="args">The arguments.</param>
            <returns></returns>
        </member>
        <member name="T:Hahn.ApplicationProcess.December2020.Web.Startup">
            <summary>
            Startup class.
            </summary>
        </member>
        <member name="M:Hahn.ApplicationProcess.December2020.Web.Startup.#ctor(Microsoft.Extensions.Configuration.IConfiguration)">
            <summary>
            Initializes a new instance of the <see cref="T:Hahn.ApplicationProcess.December2020.Web.Startup"/> class.
            </summary>
            <param name="configuration">The configuration.</param>
        </member>
        <member name="P:Hahn.ApplicationProcess.December2020.Web.Startup.Configuration">
            <summary>
            Gets the configuration.
            </summary>
            <value>
            The configuration.
            </value>
        </member>
        <member name="M:Hahn.ApplicationProcess.December2020.Web.Startup.ConfigureServices(Microsoft.Extensions.DependencyInjection.IServiceCollection)">
            <summary>
            Configures the services. This method gets called by the runtime. Use this method to add services to the container.
            </summary>
            <param name="services">The services.</param>
        </member>
        <member name="M:Hahn.ApplicationProcess.December2020.Web.Startup.Configure(Microsoft.AspNetCore.Builder.IApplicationBuilder,Microsoft.AspNetCore.Hosting.IWebHostEnvironment)">
            <summary>
            Configures the specified application.
            </summary>
            <param name="app">The application.</param>
            <param name="env">The env.</param>
        </member>
        <member name="T:Hahn.ApplicationProcess.December2020.Web.Common.Swagger.AddApplicantExample_Request">
            <summary>
            Applicant Request Example
            </summary>
        </member>
        <member name="M:Hahn.ApplicationProcess.December2020.Web.Common.Swagger.AddApplicantExample_Request.GetExamples">
            <summary>
            Get Application example
            </summary>
            <returns></returns>
        </member>
        <member name="T:Hahn.ApplicationProcess.December2020.Web.Common.Swagger.AddApplicantExample_Response">
            <summary>
            Applicant Response Example
            </summary>
        </member>
        <member name="M:Hahn.ApplicationProcess.December2020.Web.Common.Swagger.AddApplicantExample_Response.GetExamples">
            <summary>
            Get Application example
            </summary>
            <returns></returns>
        </member>
        <member name="T:Hahn.ApplicatonProcess.December2020.Web.DependencyInjection">
            <summary>
            DependencyInjection
            </summary>
        </member>
        <member name="M:Hahn.ApplicatonProcess.December2020.Web.DependencyInjection.Configuration(Microsoft.Extensions.DependencyInjection.IServiceCollection)">
            <summary>
            Configurations the specified services.
            </summary>
            <param name="services">The services.</param>
        </member>
    </members>
</doc>
