<?xml version="1.0"?>
<doc>
    <assembly>
        <name>Hahn.ApplicatonProcess.December2020.Type</name>
    </assembly>
    <members>
        <member name="T:Hahn.ApplicatonProcess.December2020.Type.Applicant">
            <summary>
            Applicant  Domain Class.
            </summary>
        </member>
        <member name="P:Hahn.ApplicatonProcess.December2020.Type.Applicant.Id">
             <summary>
             Id : Accept numbers. Required.
             </summary>
            <example>1</example>
        </member>
        <member name="P:Hahn.ApplicatonProcess.December2020.Type.Applicant.Name">
            <summary>
            Gets or sets the name.
            </summary>
            <value>
            The name.
            </value>
        </member>
        <member name="P:Hahn.ApplicatonProcess.December2020.Type.Applicant.FamilyName">
            <summary>
            Gets or sets the name of the family.
            </summary>
            <value>
            The name of the family.
            </value>
        </member>
        <member name="P:Hahn.ApplicatonProcess.December2020.Type.Applicant.Address">
            <summary>
            Gets or sets the address.
            </summary>
            <value>
            The address.
            </value>
        </member>
        <member name="P:Hahn.ApplicatonProcess.December2020.Type.Applicant.CountryOfOrigin">
            <summary>
            Gets or sets the country of origin.
            </summary>
            <value>
            The country of origin.
            </value>
        </member>
        <member name="P:Hahn.ApplicatonProcess.December2020.Type.Applicant.Email">
            <summary>
            Gets or sets the email.
            </summary>
            <value>
            The email.
            </value>
        </member>
        <member name="P:Hahn.ApplicatonProcess.December2020.Type.Applicant.Age">
            <summary>
            Gets or sets the age.
            </summary>
            <value>
            The age.
            </value>
        </member>
        <member name="P:Hahn.ApplicatonProcess.December2020.Type.Applicant.Hired">
            <summary>
            Gets or sets the hired.
            </summary>
            <value>
            The hired.
            </value>
        </member>
        <member name="T:Hahn.ApplicatonProcess.December2020.Type.Dto.ApplicantResponse">
            <summary>
            
            </summary>
        </member>
        <member name="M:Hahn.ApplicatonProcess.December2020.Type.Dto.ApplicantResponse.#ctor">
            <summary>Initializes a new instance of the <see cref="T:Hahn.ApplicatonProcess.December2020.Type.Dto.ApplicantResponse" /> class.</summary>
        </member>
        <member name="P:Hahn.ApplicatonProcess.December2020.Type.Dto.ApplicantResponse.ValidationMessage">
            <summary>Gets or sets the validation message.</summary>
            <value>The validation message.</value>
        </member>
        <member name="P:Hahn.ApplicatonProcess.December2020.Type.Dto.ApplicantResponse.Applicants">
            <summary>Gets or sets the applicants.</summary>
            <value>The applicants.</value>
        </member>
        <member name="T:Hahn.ApplicatonProcess.December2020.Type.Dto.Response`1">
            <summary>
            
            </summary>
            <typeparam name="T"></typeparam>
        </member>
        <member name="P:Hahn.ApplicatonProcess.December2020.Type.Dto.Response`1.IsValid">
            <summary>
            Returns true if ... is valid.
            </summary>
            <value>
              <c>true</c> if this instance is valid; otherwise, <c>false</c>.
            </value>
        </member>
        <member name="P:Hahn.ApplicatonProcess.December2020.Type.Dto.Response`1.Data">
            <summary>
            Gets or sets the data.
            </summary>
            <value>
            The data.
            </value>
        </member>
    </members>
</doc>
